{"train_loss": 0.006530687212944031, "epoch": 0, "trainer/global_step": 899, "_timestamp": 1711529420.4188626, "_runtime": 2862.449080467224, "_step": 18, "val_loss": 0.06602268666028976}